{"initial_reset_timestamp": 1550072750.9027395, "timestamps": [1550072751.4118855], "episode_lengths": [9], "episode_rewards": [9.0], "episode_types": ["t"]}